ID,Nama_Gorden,Deskripsi,Harga,Gaya,Warna,Bahan,Kategori_Harga,Image_Filename
1,PRO TEXTILE Vittrace Basic YS003-A,Gorden transparan bahan vittrace yang membuat ruangan sempit terasa lebih luas. Membiarkan cahaya masuk alami cocok untuk ruangan gelap atau minimalis.,100K-135K,YS003-A,White,Vittrace Basic,100K-135K,1.jpg
2,PRO TEXTILE Vittrace Basic YS003-A,Gorden transparan bahan vittrace yang membuat ruangan sempit terasa lebih luas. Membiarkan cahaya masuk alami cocok untuk ruangan gelap atau minimalis.,100K-135K,YS003-A,Cream,Vittrace Basic,100K-135K,2.jpg
3,PRO TEXTILE Vittrace Basic YS003-A,Gorden transparan bahan vittrace yang membuat ruangan sempit terasa lebih luas. Membiarkan cahaya masuk alami cocok untuk ruangan gelap atau minimalis.,100K-135K,YS003-A,Gray,Vittrace Basic,100K-135K,3.jpg
4,PRO TEXTILE Vittrace Basic YS005,Gorden transparan bahan vittrace yang membuat ruangan sempit terasa lebih luas. Membiarkan cahaya masuk alami cocok untuk ruangan gelap atau minimalis.,100K-135K,YS005,white,Vittrace Basic,100K-135K,4.jpg
5,PRO TEXTILE Vittrace Basic YS005,Gorden transparan bahan vittrace yang membuat ruangan sempit terasa lebih luas. Membiarkan cahaya masuk alami cocok untuk ruangan gelap atau minimalis.,100K-135K,YS005,Cream,Vittrace Basic,100K-135K,5.jpg
6,PRO TEXTILE Vittrace Basic YS005,Gorden transparan bahan vittrace yang membuat ruangan sempit terasa lebih luas. Membiarkan cahaya masuk alami cocok untuk ruangan gelap atau minimalis.,100K-135K,YS005,Gray,Vittrace Basic,100K-135K,6.jpg
7,PRO TEXTILE Vittrace Standar PV-1,Gorden vitrase standar. Sangat direkomendasikan untuk lantai tinggi atau apartemen guna menjaga privasi siang hari tanpa kehilangan cahaya.,150K-165K,PV-1,White,Vittrace Standar,150K-165K,7.jpg
8,PRO TEXTILE Vittrace Standar PV-1,Gorden vitrase standar. Sangat direkomendasikan untuk lantai tinggi atau apartemen guna menjaga privasi siang hari tanpa kehilangan cahaya.,150K-165K,PV-1,Cream,Vittrace Standar,150K-165K,8.jpg
9,PRO TEXTILE Vittrace Standar PV-2,Gorden vitrase standar. Sangat direkomendasikan untuk lantai tinggi atau apartemen guna menjaga privasi siang hari tanpa kehilangan cahaya.,150K-165K,PV-2,white,Vittrace Standar,150K-165K,9.jpg
10,PRO TEXTILE Vittrace Standar PV-2,Gorden vitrase standar. Sangat direkomendasikan untuk lantai tinggi atau apartemen guna menjaga privasi siang hari tanpa kehilangan cahaya.,150K-165K,PV-2,Cream,Vittrace Standar,150K-165K,10.jpg
11,PRO TEXTILE Vittrace Standar PV-3,Gorden vitrase standar. Sangat direkomendasikan untuk lantai tinggi atau apartemen guna menjaga privasi siang hari tanpa kehilangan cahaya.,150K-165K,PV-3,white,Vittrace Standar,150K-165K,11.jpg
12,PRO TEXTILE Vittrace Standar PV-3,Gorden vitrase standar. Sangat direkomendasikan untuk lantai tinggi atau apartemen guna menjaga privasi siang hari tanpa kehilangan cahaya.,150K-165K,PV-3,Cream,Vittrace Standar,150K-165K,12.jpg
13,PRO TEXTILE Vittrace Standar PV-4,Gorden vitrase standar. Sangat direkomendasikan untuk lantai tinggi atau apartemen guna menjaga privasi siang hari tanpa kehilangan cahaya.,150K-165K,PV-4,white,Vittrace Standar,150K-165K,13.jpg
14,PRO TEXTILE Vittrace Standar PV-4,Gorden vitrase standar. Sangat direkomendasikan untuk lantai tinggi atau apartemen guna menjaga privasi siang hari tanpa kehilangan cahaya.,150K-165K,PV-4,Cream,Vittrace Standar,150K-165K,14.jpg
15,PRO TEXTILE Vittrace Standar PV-5,Gorden vitrase standar. Sangat direkomendasikan untuk lantai tinggi atau apartemen guna menjaga privasi siang hari tanpa kehilangan cahaya.,150K-165K,PV-5,white,Vittrace Standar,150K-165K,15.jpg
16,PRO TEXTILE Vittrace Standar PV-5,Gorden vitrase standar. Sangat direkomendasikan untuk lantai tinggi atau apartemen guna menjaga privasi siang hari tanpa kehilangan cahaya.,150K-165K,PV-5,Cream,Vittrace Standar,150K-165K,16.jpg
17,PRO TEXTILE Vittrace Standar YS001,Gorden vitrase standar. Sangat direkomendasikan untuk lantai tinggi atau apartemen guna menjaga privasi siang hari tanpa kehilangan cahaya.,150K-165K,YS001,white,Vittrace Standar,150K-165K,17.jpg
18,PRO TEXTILE Vittrace Standar YS001,Gorden vitrase standar. Sangat direkomendasikan untuk lantai tinggi atau apartemen guna menjaga privasi siang hari tanpa kehilangan cahaya.,150K-165K,YS001,Cream,Vittrace Standar,150K-165K,18.jpg
19,PRO TEXTILE Vittrace Standar YS001,Gorden vitrase standar. Sangat direkomendasikan untuk lantai tinggi atau apartemen guna menjaga privasi siang hari tanpa kehilangan cahaya.,150K-165K,YS001,Gray,Vittrace Standar,150K-165K,19.jpg
20,PRO TEXTILE Vittrace Middle GR8-L,Gorden transparan yang estetis. Cocok sebagai pelapis gorden tebal atau digunakan sendiri untuk kesan airy.,175K-225K,GR8-L,White,Vittrace Middle,175K-225K,20.jpg
21,PRO TEXTILE Vittrace Middle GR8-L,Gorden transparan yang estetis. Cocok sebagai pelapis gorden tebal atau digunakan sendiri untuk kesan airy.,175K-225K,GR8-L,Cream,Vittrace Middle,175K-225K,21.jpg
22,PRO TEXTILE Vittrace Middle GR8-L,Gorden transparan yang estetis. Cocok sebagai pelapis gorden tebal atau digunakan sendiri untuk kesan airy.,175K-225K,GR8-L,Gray,Vittrace Middle,175K-225K,22.jpg
23,PRO TEXTILE Vittrace Middle GR8-M,Gorden transparan yang estetis. Cocok sebagai pelapis gorden tebal atau digunakan sendiri untuk kesan airy.,175K-225K,GR8-M,White,Vittrace Middle,175K-225K,23.jpg
24,PRO TEXTILE Vittrace Middle GR8-M,Gorden transparan yang estetis. Cocok sebagai pelapis gorden tebal atau digunakan sendiri untuk kesan airy.,175K-225K,GR8-M,Cream,Vittrace Middle,175K-225K,24.jpg
25,PRO TEXTILE Vittrace Middle GR8-M,Gorden transparan yang estetis. Cocok sebagai pelapis gorden tebal atau digunakan sendiri untuk kesan airy.,175K-225K,GR8-M,Gray,Vittrace Middle,175K-225K,25.jpg
26,PRO TEXTILE Vittrace Middle GR8-N,Gorden transparan yang estetis. Cocok sebagai pelapis gorden tebal atau digunakan sendiri untuk kesan airy.,175K-225K,GR8-N,White,Vittrace Middle,175K-225K,26.jpg
27,PRO TEXTILE Vittrace Middle GR8-N,Gorden transparan yang estetis. Cocok sebagai pelapis gorden tebal atau digunakan sendiri untuk kesan airy.,175K-225K,GR8-N,Cream,Vittrace Middle,175K-225K,27.jpg
28,PRO TEXTILE Vittrace Middle GR8-N,Gorden transparan yang estetis. Cocok sebagai pelapis gorden tebal atau digunakan sendiri untuk kesan airy.,175K-225K,GR8-N,Gray,Vittrace Middle,175K-225K,28.jpg
29,PRO TEXTILE Vittrace Middle GR8-O,Gorden transparan yang estetis. Cocok sebagai pelapis gorden tebal atau digunakan sendiri untuk kesan airy.,175K-225K,GR8-O,White,Vittrace Middle,175K-225K,29.jpg
30,PRO TEXTILE Vittrace Middle GR8-O,Gorden transparan yang estetis. Cocok sebagai pelapis gorden tebal atau digunakan sendiri untuk kesan airy.,175K-225K,GR8-O,Cream,Vittrace Middle,175K-225K,30.jpg
31,PRO TEXTILE Vittrace Middle GR8-O,Gorden transparan yang estetis. Cocok sebagai pelapis gorden tebal atau digunakan sendiri untuk kesan airy.,175K-225K,GR8-O,Gray,Vittrace Middle,175K-225K,31.jpg
32,PRO TEXTILE Vittrace Middle GR8-P,Gorden transparan yang estetis. Cocok sebagai pelapis gorden tebal atau digunakan sendiri untuk kesan airy.,175K-225K,GR8-P,White,Vittrace Middle,175K-225K,32.jpg
33,PRO TEXTILE Vittrace Middle GR8-P,Gorden transparan yang estetis. Cocok sebagai pelapis gorden tebal atau digunakan sendiri untuk kesan airy.,175K-225K,GR8-P,Cream,Vittrace Middle,175K-225K,33.jpg
34,PRO TEXTILE Vittrace Middle GR8-P,Gorden transparan yang estetis. Cocok sebagai pelapis gorden tebal atau digunakan sendiri untuk kesan airy.,175K-225K,GR8-P,Gray,Vittrace Middle,175K-225K,34.jpg
35,PRO TEXTILE Vittrace Middle GR8-Q,Gorden transparan yang estetis. Cocok sebagai pelapis gorden tebal atau digunakan sendiri untuk kesan airy.,175K-225K,GR8-Q,White,Vittrace Middle,175K-225K,35.jpg
36,PRO TEXTILE Vittrace Middle GR8-Q,Gorden transparan yang estetis. Cocok sebagai pelapis gorden tebal atau digunakan sendiri untuk kesan airy.,175K-225K,GR8-Q,Cream,Vittrace Middle,175K-225K,36.jpg
37,PRO TEXTILE Vittrace Middle GR8-Q,Gorden transparan yang estetis. Cocok sebagai pelapis gorden tebal atau digunakan sendiri untuk kesan airy.,175K-225K,GR8-Q,Gray,Vittrace Middle,175K-225K,37.jpg
38,PRO TEXTILE Vittrace Middle GR8-R,Gorden transparan yang estetis. Cocok sebagai pelapis gorden tebal atau digunakan sendiri untuk kesan airy.,175K-225K,GR8-R,White,Vittrace Middle,175K-225K,38.jpg
39,PRO TEXTILE Vittrace Middle GR8-R,Gorden transparan yang estetis. Cocok sebagai pelapis gorden tebal atau digunakan sendiri untuk kesan airy.,175K-225K,GR8-R,Cream,Vittrace Middle,175K-225K,39.jpg
40,PRO TEXTILE Vittrace Middle GR8-R,Gorden transparan yang estetis. Cocok sebagai pelapis gorden tebal atau digunakan sendiri untuk kesan airy.,175K-225K,GR8-R,Gray,Vittrace Middle,175K-225K,40.jpg
41,PRO TEXTILE Vittrace Middle GR8-S,Gorden transparan yang estetis. Cocok sebagai pelapis gorden tebal atau digunakan sendiri untuk kesan airy.,175K-225K,GR8-S,White,Vittrace Middle,175K-225K,41.jpg
42,PRO TEXTILE Vittrace Middle GR8-S,Gorden transparan yang estetis. Cocok sebagai pelapis gorden tebal atau digunakan sendiri untuk kesan airy.,175K-225K,GR8-S,Cream,Vittrace Middle,175K-225K,42.jpg
43,PRO TEXTILE Vittrace Middle GR8-S,Gorden transparan yang estetis. Cocok sebagai pelapis gorden tebal atau digunakan sendiri untuk kesan airy.,175K-225K,GR8-S,Gray,Vittrace Middle,175K-225K,43.jpg
44,PURE DESIGN Vittrace Natural PDV0039-001,Gorden bahan linen halus dengan tekstur natural. Sangat pas untuk gaya Japandi atau Scandinavian. Memberikan sirkulasi udara baik untuk ruangan lembab.,250K-275K,PDV0039-001,,Vittrace Natural,250K-275K,44.jpg
45,PURE DESIGN Vittrace Natural PDV0039-002,Gorden bahan linen halus dengan tekstur natural. Sangat pas untuk gaya Japandi atau Scandinavian. Memberikan sirkulasi udara baik untuk ruangan lembab.,250K-275K,PDV0039-002,,Vittrace Natural,250K-275K,45.jpg
46,PURE DESIGN Vittrace Natural PDV0039-003,Gorden bahan linen halus dengan tekstur natural. Sangat pas untuk gaya Japandi atau Scandinavian. Memberikan sirkulasi udara baik untuk ruangan lembab.,250K-275K,PDV0039-003,,Vittrace Natural,250K-275K,46.jpg
47,PURE DESIGN Vittrace Natural PDV0039-004,Gorden bahan linen halus dengan tekstur natural. Sangat pas untuk gaya Japandi atau Scandinavian. Memberikan sirkulasi udara baik untuk ruangan lembab.,250K-275K,PDV0039-004,,Vittrace Natural,250K-275K,47.jpg
48,PURE DESIGN Vittrace Natural PDV0039-005,Gorden bahan linen halus dengan tekstur natural. Sangat pas untuk gaya Japandi atau Scandinavian. Memberikan sirkulasi udara baik untuk ruangan lembab.,250K-275K,PDV0039-005,,Vittrace Natural,250K-275K,48.jpg
49,PURE DESIGN Vittrace Natural PDV0039-006,Gorden bahan linen halus dengan tekstur natural. Sangat pas untuk gaya Japandi atau Scandinavian. Memberikan sirkulasi udara baik untuk ruangan lembab.,250K-275K,PDV0039-006,,Vittrace Natural,250K-275K,49.jpg
50,PURE DESIGN Vittrace Natural PDV0039-007,Gorden bahan linen halus dengan tekstur natural. Sangat pas untuk gaya Japandi atau Scandinavian. Memberikan sirkulasi udara baik untuk ruangan lembab.,250K-275K,PDV0039-007,,Vittrace Natural,250K-275K,50.jpg
51,PURE DESIGN Vittrace Natural PDV0039-008,Gorden bahan linen halus dengan tekstur natural. Sangat pas untuk gaya Japandi atau Scandinavian. Memberikan sirkulasi udara baik untuk ruangan lembab.,250K-275K,PDV0039-008,,Vittrace Natural,250K-275K,51.jpg
52,PURE DESIGN Vittrace Natural PDV0039-009,Gorden bahan linen halus dengan tekstur natural. Sangat pas untuk gaya Japandi atau Scandinavian. Memberikan sirkulasi udara baik untuk ruangan lembab.,250K-275K,PDV0039-009,,Vittrace Natural,250K-275K,52.jpg
53,PURE DESIGN Vittrace Natural PDV0039-010,Gorden bahan linen halus dengan tekstur natural. Sangat pas untuk gaya Japandi atau Scandinavian. Memberikan sirkulasi udara baik untuk ruangan lembab.,250K-275K,PDV0039-010,,Vittrace Natural,250K-275K,53.jpg
54,PURE DESIGN Vittrace Natural PDV0040-001,Gorden bahan linen halus dengan tekstur natural. Sangat pas untuk gaya Japandi atau Scandinavian. Memberikan sirkulasi udara baik untuk ruangan lembab.,250K-275K,PDV0040-001,,Vittrace Natural,250K-275K,54.jpg
55,PURE DESIGN Vittrace Natural PDV0040-002,Gorden bahan linen halus dengan tekstur natural. Sangat pas untuk gaya Japandi atau Scandinavian. Memberikan sirkulasi udara baik untuk ruangan lembab.,250K-275K,PDV0040-002,,Vittrace Natural,250K-275K,55.jpg
56,PURE DESIGN Vittrace Natural PDV0040-003,Gorden bahan linen halus dengan tekstur natural. Sangat pas untuk gaya Japandi atau Scandinavian. Memberikan sirkulasi udara baik untuk ruangan lembab.,250K-275K,PDV0040-003,,Vittrace Natural,250K-275K,56.jpg
57,PURE DESIGN Vittrace Natural PDV0040-004,Gorden bahan linen halus dengan tekstur natural. Sangat pas untuk gaya Japandi atau Scandinavian. Memberikan sirkulasi udara baik untuk ruangan lembab.,250K-275K,PDV0040-004,,Vittrace Natural,250K-275K,57.jpg
58,PURE DESIGN Vittrace Natural PDV0040-005,Gorden bahan linen halus dengan tekstur natural. Sangat pas untuk gaya Japandi atau Scandinavian. Memberikan sirkulasi udara baik untuk ruangan lembab.,250K-275K,PDV0040-005,,Vittrace Natural,250K-275K,58.jpg
59,PURE DESIGN Vittrace Natural PDV0040-006,Gorden bahan linen halus dengan tekstur natural. Sangat pas untuk gaya Japandi atau Scandinavian. Memberikan sirkulasi udara baik untuk ruangan lembab.,250K-275K,PDV0040-006,,Vittrace Natural,250K-275K,59.jpg
60,PURE DESIGN Vittrace Natural PDV0041-001,Gorden bahan linen halus dengan tekstur natural. Sangat pas untuk gaya Japandi atau Scandinavian. Memberikan sirkulasi udara baik untuk ruangan lembab.,250K-275K,PDV0041-001,,Vittrace Natural,250K-275K,60.jpg
61,PURE DESIGN Vittrace Natural PDV0041-002,Gorden bahan linen halus dengan tekstur natural. Sangat pas untuk gaya Japandi atau Scandinavian. Memberikan sirkulasi udara baik untuk ruangan lembab.,250K-275K,PDV0041-002,,Vittrace Natural,250K-275K,61.jpg
62,PURE DESIGN Vittrace Natural PDV0041-003,Gorden bahan linen halus dengan tekstur natural. Sangat pas untuk gaya Japandi atau Scandinavian. Memberikan sirkulasi udara baik untuk ruangan lembab.,250K-275K,PDV0041-003,,Vittrace Natural,250K-275K,62.jpg
63,PURE DESIGN Vittrace Natural PDV0041-004,Gorden bahan linen halus dengan tekstur natural. Sangat pas untuk gaya Japandi atau Scandinavian. Memberikan sirkulasi udara baik untuk ruangan lembab.,250K-275K,PDV0041-004,,Vittrace Natural,250K-275K,63.jpg
64,GVTEX Vittrace Double Layer V9118-5,Gorden vitrase ganda yang elegan. Memberikan dimensi visual yang cantik pada jendela Anda.,285K-335K,V9118-5,,Vittrace Double Layer,285K-335K,64.jpg
65,GVTEX Vittrace Double Layer V9118-6,Gorden vitrase ganda yang elegan. Memberikan dimensi visual yang cantik pada jendela Anda.,285K-335K,V9118-6,,Vittrace Double Layer,285K-335K,65.jpg
66,GVTEX Vittrace Double Layer V9118-7,Gorden vitrase ganda yang elegan. Memberikan dimensi visual yang cantik pada jendela Anda.,285K-335K,V9118-7,,Vittrace Double Layer,285K-335K,66.jpg
67,GVTEX Vittrace Double Layer V9118-8,Gorden vitrase ganda yang elegan. Memberikan dimensi visual yang cantik pada jendela Anda.,285K-335K,V9118-8,,Vittrace Double Layer,285K-335K,67.jpg
68,GVTEX Vittrace Double Layer V9118-9,Gorden vitrase ganda yang elegan. Memberikan dimensi visual yang cantik pada jendela Anda.,285K-335K,V9118-9,,Vittrace Double Layer,285K-335K,68.jpg
69,GVTEX Vittrace Double Layer V9118-10,Gorden vitrase ganda yang elegan. Memberikan dimensi visual yang cantik pada jendela Anda.,285K-335K,V9118-10,,Vittrace Double Layer,285K-335K,69.jpg
70,GVTEX Vittrace Double Layer V9118-11,Gorden vitrase ganda yang elegan. Memberikan dimensi visual yang cantik pada jendela Anda.,285K-335K,V9118-11,,Vittrace Double Layer,285K-335K,70.jpg
71,GVTEX Vittrace Double Layer V9118-12,Gorden vitrase ganda yang elegan. Memberikan dimensi visual yang cantik pada jendela Anda.,285K-335K,V9118-12,,Vittrace Double Layer,285K-335K,71.jpg
72,GVTEX Vittrace Double Layer V9118-13,Gorden vitrase ganda yang elegan. Memberikan dimensi visual yang cantik pada jendela Anda.,285K-335K,V9118-13,,Vittrace Double Layer,285K-335K,72.jpg
73,GVTEX Vittrace Double Layer V9118-14,Gorden vitrase ganda yang elegan. Memberikan dimensi visual yang cantik pada jendela Anda.,285K-335K,V9118-14,,Vittrace Double Layer,285K-335K,73.jpg
74,GVTEX Vittrace Double Layer V911815,Gorden vitrase ganda yang elegan. Memberikan dimensi visual yang cantik pada jendela Anda.,285K-335K,V911815,,Vittrace Double Layer,285K-335K,74.jpg
75,GVTEX Vittrace Double Layer V9118-16,Gorden vitrase ganda yang elegan. Memberikan dimensi visual yang cantik pada jendela Anda.,285K-335K,V9118-16,,Vittrace Double Layer,285K-335K,75.jpg
76,GVTEX Vittrace Double Layer V9118-17,Gorden vitrase ganda yang elegan. Memberikan dimensi visual yang cantik pada jendela Anda.,285K-335K,V9118-17,,Vittrace Double Layer,285K-335K,76.jpg
77,GVTEX Vittrace Double Layer V9118-18,Gorden vitrase ganda yang elegan. Memberikan dimensi visual yang cantik pada jendela Anda.,285K-335K,V9118-18,,Vittrace Double Layer,285K-335K,77.jpg
78,GVTEX Vittrace Double Layer V9118-19,Gorden vitrase ganda yang elegan. Memberikan dimensi visual yang cantik pada jendela Anda.,285K-335K,V9118-19,,Vittrace Double Layer,285K-335K,78.jpg
79,GVTEX Vittrace Double Layer V9118-20,Gorden vitrase ganda yang elegan. Memberikan dimensi visual yang cantik pada jendela Anda.,285K-335K,V9118-20,,Vittrace Double Layer,285K-335K,79.jpg
80,GVTEX Vittrace Double Layer V9118-21,Gorden vitrase ganda yang elegan. Memberikan dimensi visual yang cantik pada jendela Anda.,285K-335K,V9118-21,,Vittrace Double Layer,285K-335K,80.jpg
81,PURE DESIGN Vittrace Double Layer Jacquard PDV0010-11,Gorden motif jacquard mewah. Menggabungkan fungsi penahan panas dan estetika kelas atas untuk kamar tidur utama.,285K-335K,PDV0010-11,,Vittrace Double Layer Jacquard,285K-335K,81.jpg
82,PURE DESIGN Vittrace Double Layer Jacquard PDV0010-12,Gorden motif jacquard mewah. Menggabungkan fungsi penahan panas dan estetika kelas atas untuk kamar tidur utama.,285K-335K,PDV0010-12,,Vittrace Double Layer Jacquard,285K-335K,82.jpg
83,PURE DESIGN Vittrace Double Layer Jacquard PDV0010-13,Gorden motif jacquard mewah. Menggabungkan fungsi penahan panas dan estetika kelas atas untuk kamar tidur utama.,285K-335K,PDV0010-13,,Vittrace Double Layer Jacquard,285K-335K,83.jpg
84,PURE DESIGN Vittrace Double Layer Jacquard PDV0010-14,Gorden motif jacquard mewah. Menggabungkan fungsi penahan panas dan estetika kelas atas untuk kamar tidur utama.,285K-335K,PDV0010-14,,Vittrace Double Layer Jacquard,285K-335K,84.jpg
85,PURE DESIGN Vittrace Double Layer Jacquard PDV0010-15,Gorden motif jacquard mewah. Menggabungkan fungsi penahan panas dan estetika kelas atas untuk kamar tidur utama.,285K-335K,PDV0010-15,,Vittrace Double Layer Jacquard,285K-335K,85.jpg
86,PURE DESIGN Vittrace Double Layer Jacquard PDV0010-16,Gorden motif jacquard mewah. Menggabungkan fungsi penahan panas dan estetika kelas atas untuk kamar tidur utama.,285K-335K,PDV0010-16,,Vittrace Double Layer Jacquard,285K-335K,86.jpg
87,PURE DESIGN Vittrace Double Layer Jacquard PDV0010-17,Gorden motif jacquard mewah. Menggabungkan fungsi penahan panas dan estetika kelas atas untuk kamar tidur utama.,285K-335K,PDV0010-17,,Vittrace Double Layer Jacquard,285K-335K,87.jpg
88,PURE DESIGN Vittrace Double Layer Jacquard PDV0010-18,Gorden motif jacquard mewah. Menggabungkan fungsi penahan panas dan estetika kelas atas untuk kamar tidur utama.,285K-335K,PDV0010-18,,Vittrace Double Layer Jacquard,285K-335K,88.jpg
89,PURE DESIGN Vittrace Double Layer Jacquard PDV0010-19,Gorden motif jacquard mewah. Menggabungkan fungsi penahan panas dan estetika kelas atas untuk kamar tidur utama.,285K-335K,PDV0010-19,,Vittrace Double Layer Jacquard,285K-335K,89.jpg
90,PURE DESIGN Vittrace Double Layer Jacquard PDV0010-20,Gorden motif jacquard mewah. Menggabungkan fungsi penahan panas dan estetika kelas atas untuk kamar tidur utama.,285K-335K,PDV0010-20,,Vittrace Double Layer Jacquard,285K-335K,90.jpg
91,PURE DESIGN Vittrace Luxury ARMANO 01,Gorden mewah untuk ruang tamu besar atau hotel. Memberikan kesan glamour dan formal untuk menyambut tamu penting.,425K,ARMANO 01,Silver,Vittrace Luxury,425K,91.jpg
92,PURE DESIGN Vittrace Luxury ARMANO 02,Gorden mewah untuk ruang tamu besar atau hotel. Memberikan kesan glamour dan formal untuk menyambut tamu penting.,425K,ARMANO 02 ,Silver,Vittrace Luxury,425K,92.jpg
93,PURE DESIGN Vittrace Luxury ARMANO 01,Gorden mewah untuk ruang tamu besar atau hotel. Memberikan kesan glamour dan formal untuk menyambut tamu penting.,425K,ARMANO 01,Graphite,Vittrace Luxury,425K,93.jpg
94,PURE DESIGN Vittrace Luxury ARMANO 02,Gorden mewah untuk ruang tamu besar atau hotel. Memberikan kesan glamour dan formal untuk menyambut tamu penting.,425K,ARMANO 02 ,Graphite,Vittrace Luxury,425K,94.jpg
95,PURE DESIGN Vittrace Luxury ARMANO 01,Gorden mewah untuk ruang tamu besar atau hotel. Memberikan kesan glamour dan formal untuk menyambut tamu penting.,425K,ARMANO 01,Alumunium,Vittrace Luxury,425K,95.jpg
96,PURE DESIGN Vittrace Luxury ARMANO 02,Gorden mewah untuk ruang tamu besar atau hotel. Memberikan kesan glamour dan formal untuk menyambut tamu penting.,425K,ARMANO 02 ,Alumunium,Vittrace Luxury,425K,96.jpg
97,PURE DESIGN Vittrace Luxury ARMANO 01,Gorden mewah untuk ruang tamu besar atau hotel. Memberikan kesan glamour dan formal untuk menyambut tamu penting.,425K,ARMANO 01,Birch,Vittrace Luxury,425K,97.jpg
98,PURE DESIGN Vittrace Luxury ARMANO 02,Gorden mewah untuk ruang tamu besar atau hotel. Memberikan kesan glamour dan formal untuk menyambut tamu penting.,425K,ARMANO 02 ,Birch,Vittrace Luxury,425K,98.jpg
99,PURE DESIGN Vittrace Luxury ARMANO 01,Gorden mewah untuk ruang tamu besar atau hotel. Memberikan kesan glamour dan formal untuk menyambut tamu penting.,425K,ARMANO 01,Cream,Vittrace Luxury,425K,99.jpg
100,PURE DESIGN Vittrace Luxury ARMANO 02,Gorden mewah untuk ruang tamu besar atau hotel. Memberikan kesan glamour dan formal untuk menyambut tamu penting.,425K,ARMANO 02 ,Cream,Vittrace Luxury,425K,100.jpg
101,GVTEX Blackout 90% A8011-01,Gorden tebal penahan cahaya 90% warna cerah. Cocok untuk kamar tidur yang butuh kenyamanan ekstra tapi tetap terlihat bersih dan luas.,185K-235K,A8011-01,Diamond,Blackout 90%,185K-235K,101.jpg
102,GVTEX Blackout 90% A8011-02,Gorden blackout warna emas. Selain menahan cahaya juga memberikan kesan mewah. Cocok untuk ruang keluarga yang sering dipakai nonton TV.,185K-235K,A8011-02,Gold,Blackout 90%,185K-235K,102.jpg
103,GVTEX Blackout 90% A8011-03,Gorden semi-blackout yang ideal. Meredam panas matahari siang namun tidak membuat ruangan gelap gulita.,185K-235K,A8011-03,Rust,Blackout 90%,185K-235K,103.jpg
104,GVTEX Blackout 90% A8011-04,Gorden semi-blackout yang ideal. Meredam panas matahari siang namun tidak membuat ruangan gelap gulita.,185K-235K,A8011-04,Peach,Blackout 90%,185K-235K,104.jpg
105,GVTEX Blackout 90% A8011-05,Gorden semi-blackout yang ideal. Meredam panas matahari siang namun tidak membuat ruangan gelap gulita.,185K-235K,A8011-05,Lavender,Blackout 90%,185K-235K,105.jpg
106,GVTEX Blackout 90% A8011-06,Gorden semi-blackout yang ideal. Meredam panas matahari siang namun tidak membuat ruangan gelap gulita.,185K-235K,A8011-06,Flamingo,Blackout 90%,185K-235K,106.jpg
107,GVTEX Blackout 90% A8011-07,Gorden semi-blackout yang ideal. Meredam panas matahari siang namun tidak membuat ruangan gelap gulita.,185K-235K,A8011-07,Scuba,Blackout 90%,185K-235K,107.jpg
108,GVTEX Blackout 90% A8011-08,Gorden semi-blackout yang ideal. Meredam panas matahari siang namun tidak membuat ruangan gelap gulita.,185K-235K,A8011-08,Turquoise,Blackout 90%,185K-235K,108.jpg
109,GVTEX Blackout 90% A8011-09,Gorden semi-blackout yang ideal. Meredam panas matahari siang namun tidak membuat ruangan gelap gulita.,185K-235K,A8011-09,Concrete,Blackout 90%,185K-235K,109.jpg
110,GVTEX Blackout 90% A8011-10,Gorden semi-blackout yang ideal. Meredam panas matahari siang namun tidak membuat ruangan gelap gulita.,185K-235K,A8011-10,Cobalt,Blackout 90%,185K-235K,110.jpg
111,GVTEX Blackout 90% A8011-11,Gorden semi-blackout yang ideal. Meredam panas matahari siang namun tidak membuat ruangan gelap gulita.,185K-235K,A8011-11,Carbon,Blackout 90%,185K-235K,111.jpg
112,GVTEX Blackout 90% A8011-12,Gorden semi-blackout yang ideal. Meredam panas matahari siang namun tidak membuat ruangan gelap gulita.,185K-235K,A8011-12,Onyx,Blackout 90%,185K-235K,112.jpg
113,GVTEX Blackout 90% A8012-01,Gorden tebal penahan cahaya 90% warna cerah. Cocok untuk kamar tidur yang butuh kenyamanan ekstra tapi tetap terlihat bersih dan luas.,185K-235K,A8012-01,Diamond,Blackout 90%,185K-235K,113.jpg
114,GVTEX Blackout 90% A8012-02,Gorden blackout warna emas. Selain menahan cahaya juga memberikan kesan mewah. Cocok untuk ruang keluarga yang sering dipakai nonton TV.,185K-235K,A8012-02,Gold,Blackout 90%,185K-235K,114.jpg
115,GVTEX Blackout 90% A8012-03,Gorden semi-blackout yang ideal. Meredam panas matahari siang namun tidak membuat ruangan gelap gulita.,185K-235K,A8012-03,Rust,Blackout 90%,185K-235K,115.jpg
116,GVTEX Blackout 90% A8012-04,Gorden semi-blackout yang ideal. Meredam panas matahari siang namun tidak membuat ruangan gelap gulita.,185K-235K,A8012-04,Peach,Blackout 90%,185K-235K,116.jpg
117,GVTEX Blackout 90% A8012-05,Gorden semi-blackout yang ideal. Meredam panas matahari siang namun tidak membuat ruangan gelap gulita.,185K-235K,A8012-05,Lavender,Blackout 90%,185K-235K,117.jpg
118,GVTEX Blackout 90% A8012-06,Gorden semi-blackout yang ideal. Meredam panas matahari siang namun tidak membuat ruangan gelap gulita.,185K-235K,A8012-06,Flamingo,Blackout 90%,185K-235K,118.jpg
119,GVTEX Blackout 90% A8012-07,Gorden semi-blackout yang ideal. Meredam panas matahari siang namun tidak membuat ruangan gelap gulita.,185K-235K,A8012-07,Scuba,Blackout 90%,185K-235K,119.jpg
120,GVTEX Blackout 90% A8012-08,Gorden semi-blackout yang ideal. Meredam panas matahari siang namun tidak membuat ruangan gelap gulita.,185K-235K,A8012-08,Turquoise,Blackout 90%,185K-235K,120.jpg
121,PRO TEXTILE Blackout 95% GJMH,Gorden tebal blackout 95%. Pilihan cerdas untuk kamar yang menghadap jalan raya agar tidak berisik dan lebih tenang.,250K-335K,GJMH,3#,Blackout 95%,250K-335K,121.jpg
122,PRO TEXTILE Blackout 95% GJMH,Gorden tebal blackout 95%. Pilihan cerdas untuk kamar yang menghadap jalan raya agar tidak berisik dan lebih tenang.,250K-335K,GJMH,5#,Blackout 95%,250K-335K,122.jpg
123,PRO TEXTILE Blackout 95% GJMH,Gorden tebal blackout 95%. Pilihan cerdas untuk kamar yang menghadap jalan raya agar tidak berisik dan lebih tenang.,250K-335K,GJMH,7#,Blackout 95%,250K-335K,123.jpg
124,PRO TEXTILE Blackout 95% GJMH,Gorden tebal blackout 95%. Pilihan cerdas untuk kamar yang menghadap jalan raya agar tidak berisik dan lebih tenang.,250K-335K,GJMH,9#,Blackout 95%,250K-335K,124.jpg
125,PRO TEXTILE Blackout 95% GJMH,Gorden tebal blackout 95%. Pilihan cerdas untuk kamar yang menghadap jalan raya agar tidak berisik dan lebih tenang.,250K-335K,GJMH,11#,Blackout 95%,250K-335K,125.jpg
126,PRO TEXTILE Blackout 95% XGM,Gorden tebal blackout 95%. Pilihan cerdas untuk kamar yang menghadap jalan raya agar tidak berisik dan lebih tenang.,250K-335K,XGM,14#,Blackout 95%,250K-335K,126.jpg
127,PRO TEXTILE Blackout 95% XGM,Gorden tebal blackout 95%. Pilihan cerdas untuk kamar yang menghadap jalan raya agar tidak berisik dan lebih tenang.,250K-335K,XGM,15#,Blackout 95%,250K-335K,127.jpg
128,PRO TEXTILE Blackout 95% XGM,Gorden tebal blackout 95%. Pilihan cerdas untuk kamar yang menghadap jalan raya agar tidak berisik dan lebih tenang.,250K-335K,XGM,16#,Blackout 95%,250K-335K,128.jpg
129,PRO TEXTILE Blackout 95% XGM,Gorden tebal blackout 95%. Pilihan cerdas untuk kamar yang menghadap jalan raya agar tidak berisik dan lebih tenang.,250K-335K,XGM,17#,Blackout 95%,250K-335K,129.jpg
130,PRO TEXTILE Blackout 95% XGM,Gorden tebal blackout 95%. Pilihan cerdas untuk kamar yang menghadap jalan raya agar tidak berisik dan lebih tenang.,250K-335K,XGM,18#,Blackout 95%,250K-335K,130.jpg
131,GVTEX Blackout 95% Sere - 06,Warna gelap yang pekat. Sangat bagus untuk memblokir silau matahari sore. Menjaga suhu ruangan tetap dingin dan nyaman.,250K-335K,Sere - 06,Charcoal,Blackout 95%,250K-335K,131.jpg
132,GVTEX Blackout 95% Sere - 07,Warna gelap yang pekat. Sangat bagus untuk memblokir silau matahari sore. Menjaga suhu ruangan tetap dingin dan nyaman.,250K-335K,Sere - 07,Tornado,Blackout 95%,250K-335K,132.jpg
133,GVTEX Blackout 95% Sere - 08,Gorden tebal blackout 95%. Pilihan cerdas untuk kamar yang menghadap jalan raya agar tidak berisik dan lebih tenang.,250K-335K,Sere - 08,Walnut,Blackout 95%,250K-335K,133.jpg
134,GVTEX Blackout 95% Sere - 09,Warna biru yang menenangkan. Bahan blackout tebal ini cocok untuk kamar anak atau ruang belajar agar fokus dan tidak kepanasan.,250K-335K,Sere - 09,Niagara,Blackout 95%,250K-335K,134.jpg
135,GVTEX Blackout 95% Sere - 10,Warna gelap yang pekat. Sangat bagus untuk memblokir silau matahari sore. Menjaga suhu ruangan tetap dingin dan nyaman.,250K-335K,Sere - 10,Brownie,Blackout 95%,250K-335K,135.jpg
136,GVTEX Blackout 95% Sere - 11,Warna gelap yang pekat. Sangat bagus untuk memblokir silau matahari sore. Menjaga suhu ruangan tetap dingin dan nyaman.,250K-335K,Sere - 11,Coffee,Blackout 95%,250K-335K,136.jpg
137,GVTEX Blackout 95% Sere - 12,Warna gelap yang pekat. Sangat bagus untuk memblokir silau matahari sore. Menjaga suhu ruangan tetap dingin dan nyaman.,250K-335K,Sere - 12,Espresso,Blackout 95%,250K-335K,137.jpg
138,GVTEX Blackout 95% Sere - 13,Gorden tebal blackout 95%. Pilihan cerdas untuk kamar yang menghadap jalan raya agar tidak berisik dan lebih tenang.,250K-335K,Sere - 13,Champagne,Blackout 95%,250K-335K,138.jpg
139,GVTEX Blackout 95% Sere - 14,Gorden tebal blackout 95%. Pilihan cerdas untuk kamar yang menghadap jalan raya agar tidak berisik dan lebih tenang.,250K-335K,Sere - 14,Stucco,Blackout 95%,250K-335K,139.jpg
140,GVTEX Blackout 95% Sere - 15,Gorden tebal blackout 95%. Pilihan cerdas untuk kamar yang menghadap jalan raya agar tidak berisik dan lebih tenang.,250K-335K,Sere - 15,Reed,Blackout 95%,250K-335K,140.jpg
141,GVTEX Blackout 95% Chloe - 01,Gorden tebal blackout 95%. Pilihan cerdas untuk kamar yang menghadap jalan raya agar tidak berisik dan lebih tenang.,250K-335K,Chloe - 01,Silver,Blackout 95%,250K-335K,141.jpg
142,GVTEX Blackout 95% Chloe - 02,Gorden tebal blackout 95%. Pilihan cerdas untuk kamar yang menghadap jalan raya agar tidak berisik dan lebih tenang.,250K-335K,Chloe - 02,Steel,Blackout 95%,250K-335K,142.jpg
143,GVTEX Blackout 95% Chloe - 03,Warna gelap yang pekat. Sangat bagus untuk memblokir silau matahari sore. Menjaga suhu ruangan tetap dingin dan nyaman.,250K-335K,Chloe - 03,Carbon,Blackout 95%,250K-335K,143.jpg
144,GVTEX Blackout 95% Chloe - 04,Warna gelap yang pekat. Sangat bagus untuk memblokir silau matahari sore. Menjaga suhu ruangan tetap dingin dan nyaman.,250K-335K,Chloe - 04,Graphite,Blackout 95%,250K-335K,144.jpg
145,GVTEX Blackout 95% Chloe - 05,Warna gelap yang pekat. Sangat bagus untuk memblokir silau matahari sore. Menjaga suhu ruangan tetap dingin dan nyaman.,250K-335K,Chloe - 05,Onyx,Blackout 95%,250K-335K,145.jpg
146,PRO TEXTILE Blackout 95% JD-A,Gorden tebal blackout 95%. Pilihan cerdas untuk kamar yang menghadap jalan raya agar tidak berisik dan lebih tenang.,250K-335K,JD-A,20#,Blackout 95%,250K-335K,146.jpg
147,PRO TEXTILE Blackout 95% JD-A,Gorden tebal blackout 95%. Pilihan cerdas untuk kamar yang menghadap jalan raya agar tidak berisik dan lebih tenang.,250K-335K,JD-A,21#,Blackout 95%,250K-335K,147.jpg
148,PRO TEXTILE Blackout 95% JD-A,Gorden tebal blackout 95%. Pilihan cerdas untuk kamar yang menghadap jalan raya agar tidak berisik dan lebih tenang.,250K-335K,JD-A,23#,Blackout 95%,250K-335K,148.jpg
149,PRO TEXTILE Blackout 95% JD-A,Gorden tebal blackout 95%. Pilihan cerdas untuk kamar yang menghadap jalan raya agar tidak berisik dan lebih tenang.,250K-335K,JD-A,24#,Blackout 95%,250K-335K,149.jpg
150,PRO TEXTILE Blackout 95% JD-B,Gorden tebal blackout 95%. Pilihan cerdas untuk kamar yang menghadap jalan raya agar tidak berisik dan lebih tenang.,250K-335K,JD-B,11#,Blackout 95%,250K-335K,150.jpg
151,PRO TEXTILE Blackout 95% JD-B,Gorden tebal blackout 95%. Pilihan cerdas untuk kamar yang menghadap jalan raya agar tidak berisik dan lebih tenang.,250K-335K,JD-B,12#,Blackout 95%,250K-335K,151.jpg
152,PRO TEXTILE Blackout 95% JD-B,Gorden tebal blackout 95%. Pilihan cerdas untuk kamar yang menghadap jalan raya agar tidak berisik dan lebih tenang.,250K-335K,JD-B,13#,Blackout 95%,250K-335K,152.jpg
153,PRO TEXTILE Blackout 95% JD-C,Gorden tebal blackout 95%. Pilihan cerdas untuk kamar yang menghadap jalan raya agar tidak berisik dan lebih tenang.,250K-335K,JD-C,3#,Blackout 95%,250K-335K,153.jpg
154,PRO TEXTILE Blackout 95% JD-C,Gorden tebal blackout 95%. Pilihan cerdas untuk kamar yang menghadap jalan raya agar tidak berisik dan lebih tenang.,250K-335K,JD-C,4#,Blackout 95%,250K-335K,154.jpg
155,PRO TEXTILE Blackout 95% JD-C,Gorden tebal blackout 95%. Pilihan cerdas untuk kamar yang menghadap jalan raya agar tidak berisik dan lebih tenang.,250K-335K,JD-C,5#,Blackout 95%,250K-335K,155.jpg
156,PRO TEXTILE Blackout 100% THB 1-1,Gorden tebal penahan cahaya total. Menjaga privasi total dan kedap suara. Cocok untuk kamar utama atau ruang media.,235K-395K,THB 1-1,,Blackout 100%,235K-395K,156.jpg
157,PRO TEXTILE Blackout 100% THB 1-2,Gorden tebal penahan cahaya total. Menjaga privasi total dan kedap suara. Cocok untuk kamar utama atau ruang media.,235K-395K,THB 1-2,,Blackout 100%,235K-395K,157.jpg
158,PRO TEXTILE Blackout 100% THB 2-3,Gorden tebal penahan cahaya total. Menjaga privasi total dan kedap suara. Cocok untuk kamar utama atau ruang media.,235K-395K,THB 2-3,,Blackout 100%,235K-395K,158.jpg
159,PRO TEXTILE Blackout 100% THB 3-3,Gorden tebal penahan cahaya total. Menjaga privasi total dan kedap suara. Cocok untuk kamar utama atau ruang media.,235K-395K,THB 3-3,,Blackout 100%,235K-395K,159.jpg
160,PRO TEXTILE Blackout 100% THB 4-4,Gorden tebal penahan cahaya total. Menjaga privasi total dan kedap suara. Cocok untuk kamar utama atau ruang media.,235K-395K,THB 4-4,,Blackout 100%,235K-395K,160.jpg
161,PRO TEXTILE Blackout 100% THB 5-1,Gorden tebal penahan cahaya total. Menjaga privasi total dan kedap suara. Cocok untuk kamar utama atau ruang media.,235K-395K,THB 5-1,,Blackout 100%,235K-395K,161.jpg
162,PRO TEXTILE Blackout 100% THB 5-2,Gorden tebal penahan cahaya total. Menjaga privasi total dan kedap suara. Cocok untuk kamar utama atau ruang media.,235K-395K,THB 5-2,,Blackout 100%,235K-395K,162.jpg
163,PRO TEXTILE Blackout 100% THB 5-3,Gorden tebal penahan cahaya total. Menjaga privasi total dan kedap suara. Cocok untuk kamar utama atau ruang media.,235K-395K,THB 5-3,,Blackout 100%,235K-395K,163.jpg
164,PRO TEXTILE Blackout 100% THB 5-4,Gorden tebal penahan cahaya total. Menjaga privasi total dan kedap suara. Cocok untuk kamar utama atau ruang media.,235K-395K,THB 5-4,,Blackout 100%,235K-395K,164.jpg
165,PRO TEXTILE Blackout 100% THB 5-5,Gorden tebal penahan cahaya total. Menjaga privasi total dan kedap suara. Cocok untuk kamar utama atau ruang media.,235K-395K,THB 5-5,,Blackout 100%,235K-395K,165.jpg
166,ARCILLA Blackout 100% A-1,Gorden anti matahari total (Total Blackout). Solusi terbaik untuk jendela menghadap timur (matahari terbit) atau barat (matahari sore) yang sangat panas. Tidur jadi nyenyak.,235K-395K,A-1,,Blackout 100%,235K-395K,166.jpg
167,ARCILLA Blackout 100% A-2,Gorden anti matahari total (Total Blackout). Solusi terbaik untuk jendela menghadap timur (matahari terbit) atau barat (matahari sore) yang sangat panas. Tidur jadi nyenyak.,235K-395K,A-2,,Blackout 100%,235K-395K,167.jpg
168,ARCILLA Blackout 100% A-3,Gorden anti matahari total (Total Blackout). Solusi terbaik untuk jendela menghadap timur (matahari terbit) atau barat (matahari sore) yang sangat panas. Tidur jadi nyenyak.,235K-395K,A-3,,Blackout 100%,235K-395K,168.jpg
169,ARCILLA Blackout 100% A-4,Gorden anti matahari total (Total Blackout). Solusi terbaik untuk jendela menghadap timur (matahari terbit) atau barat (matahari sore) yang sangat panas. Tidur jadi nyenyak.,235K-395K,A-4,,Blackout 100%,235K-395K,169.jpg
170,ARCILLA Blackout 100% A-5,Gorden anti matahari total (Total Blackout). Solusi terbaik untuk jendela menghadap timur (matahari terbit) atau barat (matahari sore) yang sangat panas. Tidur jadi nyenyak.,235K-395K,A-5,,Blackout 100%,235K-395K,170.jpg
171,ARCILLA Blackout 100% B-1,Gorden anti matahari total (Total Blackout). Solusi terbaik untuk jendela menghadap timur (matahari terbit) atau barat (matahari sore) yang sangat panas. Tidur jadi nyenyak.,235K-395K,B-1,,Blackout 100%,235K-395K,171.jpg
172,ARCILLA Blackout 100% B-2,Gorden anti matahari total (Total Blackout). Solusi terbaik untuk jendela menghadap timur (matahari terbit) atau barat (matahari sore) yang sangat panas. Tidur jadi nyenyak.,235K-395K,B-2,,Blackout 100%,235K-395K,172.jpg
173,ARCILLA Blackout 100% B-3,Gorden anti matahari total (Total Blackout). Solusi terbaik untuk jendela menghadap timur (matahari terbit) atau barat (matahari sore) yang sangat panas. Tidur jadi nyenyak.,235K-395K,B-3,,Blackout 100%,235K-395K,173.jpg
174,ARCILLA Blackout 100% B-4,Gorden anti matahari total (Total Blackout). Solusi terbaik untuk jendela menghadap timur (matahari terbit) atau barat (matahari sore) yang sangat panas. Tidur jadi nyenyak.,235K-395K,B-4,,Blackout 100%,235K-395K,174.jpg
175,ARCILLA Blackout 100% B-5,Gorden anti matahari total (Total Blackout). Solusi terbaik untuk jendela menghadap timur (matahari terbit) atau barat (matahari sore) yang sangat panas. Tidur jadi nyenyak.,235K-395K,B-5,,Blackout 100%,235K-395K,175.jpg
176,ARCILLA Blackout 100% C-1,Gorden anti matahari total (Total Blackout). Solusi terbaik untuk jendela menghadap timur (matahari terbit) atau barat (matahari sore) yang sangat panas. Tidur jadi nyenyak.,235K-395K,C-1,,Blackout 100%,235K-395K,176.jpg
177,ARCILLA Blackout 100% C-2,Gorden anti matahari total (Total Blackout). Solusi terbaik untuk jendela menghadap timur (matahari terbit) atau barat (matahari sore) yang sangat panas. Tidur jadi nyenyak.,235K-395K,C-2,,Blackout 100%,235K-395K,177.jpg
178,ARCILLA Blackout 100% C-3,Gorden anti matahari total (Total Blackout). Solusi terbaik untuk jendela menghadap timur (matahari terbit) atau barat (matahari sore) yang sangat panas. Tidur jadi nyenyak.,235K-395K,C-3,,Blackout 100%,235K-395K,178.jpg
179,ARCILLA Blackout 100% C-4,Gorden anti matahari total (Total Blackout). Solusi terbaik untuk jendela menghadap timur (matahari terbit) atau barat (matahari sore) yang sangat panas. Tidur jadi nyenyak.,235K-395K,C-4,,Blackout 100%,235K-395K,179.jpg
180,ARCILLA Blackout 100% C-5,Gorden anti matahari total (Total Blackout). Solusi terbaik untuk jendela menghadap timur (matahari terbit) atau barat (matahari sore) yang sangat panas. Tidur jadi nyenyak.,235K-395K,C-5,,Blackout 100%,235K-395K,180.jpg